Account_Age_Days,Login_Frequency,Daily_Usage_Mins,Churn,ticket_length,engagement_score,has_complaint
790,2.0,28,0,41,56.0,0
399,3.0,28,1,41,84.0,0
646,3.0,110,0,43,330.0,0
113,2.0,21,0,41,42.0,0
322,2.0,7,1,54,14.0,1
8,3.0,40,0,41,120.0,0
436,0.0,3,1,56,0.0,0
973,2.0,20,0,41,40.0,0
305,3.0,25,0,41,75.0,0
26,3.0,35,0,37,105.0,0
726,0.0,9,1,54,0.0,1
911,3.0,18,0,28,54.0,0
1017,0.0,7,1,49,0.0,0
791,3.0,17,0,41,51.0,0
599,3.0,46,0,44,138.0,0
19,2.0,26,0,40,52.0,0
691,0.0,1,1,56,0.0,0
496,0.0,11,1,57,0.0,0
691,3.0,32,1,50,96.0,0
8,3.0,57,0,41,171.0,0
64,2.0,57,0,41,114.0,0
922,2.0,27,0,41,54.0,0
98,0.0,2,1,60,0.0,0
710,2.0,51,0,50,102.0,0
152,3.0,38,0,40,114.0,0
466,2.0,41,0,50,82.0,0
366,0.0,2,1,57,0.0,0
747,2.0,10,1,49,20.0,0
892,2.0,13,1,60,26.0,0
1044,3.0,81,0,53,243.0,0
112,2.0,8,1,54,16.0,1
330,0.0,8,1,60,0.0,0
440,2.0,1,1,54,2.0,0
1083,2.0,55,0,41,110.0,0
801,3.0,23,0,41,69.0,0
139,0.0,12,0,56,0.0,0
968,2.0,47,0,41,94.0,0
570,3.0,105,0,53,315.0,0
383,2.0,39,0,40,78.0,0
382,3.0,58,0,41,174.0,0
917,0.0,12,1,54,0.0,1
835,2.0,6,1,56,12.0,0
506,0.0,4,1,56,0.0,0
575,3.0,68,0,43,204.0,0
446,2.0,15,1,41,30.0,0
698,3.0,65,0,44,195.0,0
903,3.0,27,0,40,81.0,0
56,2.0,42,0,41,84.0,0
1049,2.0,1,1,57,2.0,0
894,0.0,1,1,54,0.0,1
676,2.0,3,1,54,6.0,1
415,3.0,40,1,37,120.0,0
47,3.0,113,0,53,339.0,0
792,2.0,27,0,28,54.0,0
344,3.0,60,0,41,180.0,0
939,3.0,25,0,41,75.0,0
751,0.0,14,1,54,0.0,0
601,3.0,101,0,40,303.0,0
1049,3.0,45,0,37,135.0,0
395,3.0,51,0,40,153.0,0
1023,0.0,7,1,57,0.0,0
237,2.0,23,1,37,46.0,0
873,2.0,51,0,37,102.0,0
874,3.0,53,0,40,159.0,0
175,3.0,112,0,44,336.0,0
979,2.0,18,0,41,36.0,0
1052,2.0,51,1,50,102.0,0
1080,0.0,5,1,60,0.0,0
131,3.0,19,0,50,57.0,0
923,3.0,15,0,41,45.0,0
818,3.0,19,0,28,57.0,0
830,3.0,52,1,50,156.0,0
102,2.0,31,0,36,62.0,0
921,2.0,57,0,36,114.0,0
265,0.0,5,1,57,0.0,0
173,3.0,110,0,49,330.0,0
326,2.0,18,0,36,36.0,0
38,3.0,119,0,40,357.0,0
131,2.0,29,0,36,58.0,0
874,3.0,70,0,43,210.0,0
627,2.0,55,0,36,110.0,0
525,3.0,15,0,37,45.0,0
1093,2.0,46,0,50,92.0,0
991,2.0,20,0,28,40.0,0
684,0.0,5,1,49,0.0,0
926,3.0,58,0,50,174.0,0
555,2.0,23,0,36,46.0,0
666,0.0,3,0,56,0.0,0
313,2.0,8,1,54,16.0,1
504,3.0,23,1,40,69.0,0
543,3.0,51,0,37,153.0,0
533,2.0,51,0,41,102.0,0
815,3.0,22,0,50,66.0,0
446,0.0,12,1,60,0.0,0
350,0.0,8,0,54,0.0,0
732,2.0,16,0,36,32.0,0
662,0.0,11,1,54,0.0,1
627,2.0,8,1,54,16.0,1
294,2.0,33,0,41,66.0,0
986,2.0,13,0,57,26.0,0
758,3.0,82,0,40,246.0,0
388,0.0,5,1,49,0.0,0
425,0.0,7,1,56,0.0,0
213,3.0,82,0,53,246.0,0
821,3.0,95,0,40,285.0,0
467,2.0,24,0,40,48.0,0
112,2.0,17,0,36,34.0,0
415,2.0,9,1,60,18.0,0
224,3.0,54,0,37,162.0,0
246,3.0,39,0,50,117.0,0
118,2.0,9,1,54,18.0,0
637,3.0,33,0,36,99.0,0
277,2.0,46,1,28,92.0,0
122,2.0,8,1,54,16.0,1
253,3.0,15,0,40,45.0,0
959,2.0,4,1,56,8.0,0
758,3.0,59,0,36,177.0,0
425,2.0,28,0,36,56.0,0
414,2.0,8,1,54,16.0,1
286,2.0,51,0,50,102.0,0
429,2.0,9,1,60,18.0,0
83,3.0,58,0,53,174.0,0
522,3.0,56,0,41,168.0,0
91,3.0,24,0,37,72.0,0
708,2.0,58,0,36,116.0,0
423,3.0,45,1,50,135.0,0
146,3.0,113,0,53,339.0,0
155,3.0,40,0,37,120.0,0
629,3.0,47,0,40,141.0,0
792,2.0,49,0,28,98.0,0
693,2.0,14,1,56,28.0,0
632,2.0,44,0,41,88.0,0
843,2.0,55,0,36,110.0,0
1067,2.0,13,1,49,26.0,0
664,2.0,27,0,28,54.0,0
722,3.0,101,0,41,303.0,0
82,2.0,7,1,54,14.0,0
320,3.0,34,1,28,102.0,0
918,3.0,29,0,50,87.0,0
551,2.0,2,0,60,4.0,0
162,2.0,40,0,36,80.0,0
798,2.0,20,1,28,40.0,0
154,0.0,2,1,57,0.0,0
624,2.0,2,1,49,4.0,0
135,0.0,5,1,54,0.0,0
694,3.0,24,0,28,72.0,0
722,0.0,8,1,57,0.0,0
66,0.0,10,1,54,0.0,1
858,0.0,12,1,54,0.0,0
1018,3.0,65,0,53,195.0,0
586,3.0,58,0,43,174.0,0
311,2.0,5,1,49,10.0,0
561,2.0,29,1,50,58.0,0
670,3.0,77,0,43,231.0,0
435,3.0,82,0,43,246.0,0
812,3.0,51,0,28,153.0,0
90,3.0,35,0,40,105.0,0
350,0.0,5,1,54,0.0,1
32,0.0,11,1,60,0.0,0
199,0.0,4,1,54,0.0,0
568,2.0,55,1,28,110.0,0
664,3.0,82,0,53,246.0,0
236,2.0,8,1,49,16.0,0
522,0.0,11,0,49,0.0,0
982,3.0,58,0,40,174.0,0
198,2.0,33,0,28,66.0,0
689,2.0,41,0,40,82.0,0
297,0.0,6,1,60,0.0,0
1051,3.0,19,1,50,57.0,0
722,0.0,7,1,56,0.0,0
667,3.0,76,0,44,228.0,0
175,3.0,99,0,49,297.0,0
1011,0.0,14,0,54,0.0,0
427,2.0,24,0,28,48.0,0
652,3.0,76,0,40,228.0,0
903,2.0,7,1,54,14.0,1
865,3.0,45,0,37,135.0,0
435,0.0,1,1,49,0.0,0
1069,2.0,23,0,40,46.0,0
318,2.0,8,1,56,16.0,0
339,3.0,119,0,41,357.0,0
848,3.0,73,0,40,219.0,0
698,2.0,14,0,49,28.0,0
442,3.0,83,0,40,249.0,0
96,3.0,60,0,40,180.0,0
488,3.0,36,0,28,108.0,0
867,3.0,53,0,28,159.0,0
952,2.0,58,0,40,116.0,0
521,2.0,59,0,40,118.0,0
1084,2.0,10,1,60,20.0,0
98,3.0,70,0,44,210.0,0
226,2.0,26,0,50,52.0,0
356,2.0,33,0,41,66.0,0
982,3.0,49,1,49,147.0,0
763,3.0,101,0,41,303.0,0
202,2.0,14,0,57,28.0,0
62,0.0,14,1,54,0.0,1
605,3.0,68,0,41,204.0,0
1011,3.0,25,0,28,75.0,0
149,2.0,12,1,54,24.0,0
390,2.0,1,1,56,2.0,0
201,2.0,7,1,54,14.0,0
1069,3.0,97,0,41,291.0,0
635,3.0,117,0,40,351.0,0
1010,3.0,74,0,41,222.0,0
95,2.0,31,0,40,62.0,0
869,0.0,8,1,54,0.0,1
442,3.0,83,0,49,249.0,0
1030,2.0,8,0,60,16.0,0
405,2.0,5,1,54,10.0,0
1057,0.0,2,1,57,0.0,0
78,3.0,53,1,41,159.0,0
349,2.0,46,1,36,92.0,0
1005,3.0,100,0,49,300.0,0
1087,3.0,52,0,44,156.0,0
765,2.0,3,0,60,6.0,0
456,2.0,21,0,40,42.0,0
961,2.0,4,0,57,8.0,0
214,2.0,10,1,54,20.0,1
474,3.0,20,1,36,60.0,0
901,0.0,5,1,56,0.0,0
49,2.0,12,1,49,24.0,0
356,2.0,43,0,36,86.0,0
147,3.0,47,0,50,141.0,0
468,3.0,57,0,43,171.0,0
1055,3.0,64,0,41,192.0,0
924,3.0,71,0,41,213.0,0
51,3.0,49,0,41,147.0,0
448,2.0,45,0,36,90.0,0
775,3.0,79,0,41,237.0,0
40,2.0,28,0,41,56.0,0
181,0.0,14,1,57,0.0,0
452,2.0,4,0,56,8.0,0
19,3.0,57,0,53,171.0,0
101,3.0,53,1,43,159.0,0
311,2.0,8,1,60,16.0,0
174,2.0,1,1,54,2.0,1
779,0.0,1,1,49,0.0,0
883,3.0,43,0,37,129.0,0
931,2.0,58,0,41,116.0,0
267,2.0,48,0,41,96.0,0
1026,3.0,43,0,36,129.0,0
849,0.0,1,1,56,0.0,0
594,2.0,52,0,36,104.0,0
128,3.0,32,0,41,96.0,0
611,2.0,14,1,49,28.0,0
360,2.0,43,0,37,86.0,0
601,3.0,107,0,43,321.0,0
715,2.0,20,0,36,40.0,0
621,2.0,19,0,37,38.0,0
875,0.0,5,1,54,0.0,1
691,3.0,96,0,53,288.0,0
607,3.0,104,0,49,312.0,0
166,3.0,49,0,43,147.0,0
50,3.0,20,1,36,60.0,0
748,2.0,10,1,49,20.0,0
256,2.0,55,0,37,110.0,0
36,3.0,105,0,40,315.0,0
1089,2.0,44,0,50,88.0,0
450,3.0,118,0,41,354.0,0
636,3.0,22,0,36,66.0,0
319,2.0,30,1,36,60.0,0
912,2.0,39,0,41,78.0,0
967,0.0,1,1,60,0.0,0
360,3.0,15,0,37,45.0,0
1050,3.0,22,0,50,66.0,0
785,2.0,4,1,57,8.0,0
499,0.0,3,1,49,0.0,0
974,0.0,7,1,49,0.0,0
954,2.0,12,1,57,24.0,0
864,3.0,49,0,37,147.0,0
118,3.0,65,0,41,195.0,0
664,3.0,65,0,53,195.0,0
403,2.0,48,0,41,96.0,0
1032,2.0,2,1,56,4.0,0
529,2.0,28,0,41,56.0,0
593,3.0,51,0,41,153.0,0
734,3.0,106,0,41,318.0,0
282,3.0,56,1,41,168.0,0
528,2.0,5,0,49,10.0,0
1073,3.0,27,0,41,81.0,0
444,3.0,47,0,53,141.0,0
586,3.0,15,1,40,45.0,0
113,0.0,12,1,57,0.0,0
844,3.0,32,0,40,96.0,0
925,0.0,8,1,60,0.0,0
362,3.0,54,0,44,162.0,0
984,3.0,26,0,40,78.0,0
961,0.0,6,1,56,0.0,0
363,3.0,58,0,41,174.0,0
106,2.0,18,0,28,36.0,0
925,2.0,13,1,56,26.0,0
867,2.0,9,0,49,18.0,0
477,3.0,21,0,37,63.0,0
818,3.0,51,0,36,153.0,0
1040,2.0,11,1,60,22.0,0
407,2.0,14,1,49,28.0,0
594,3.0,57,0,36,171.0,0
1044,3.0,33,1,41,99.0,0
427,3.0,63,0,43,189.0,0
437,2.0,11,1,49,22.0,0
446,2.0,44,0,40,88.0,0
824,3.0,63,0,41,189.0,0
129,3.0,35,0,37,105.0,0
960,3.0,24,0,28,72.0,0
303,3.0,109,0,43,327.0,0
287,2.0,30,0,37,60.0,0
964,0.0,12,1,54,0.0,0
19,3.0,46,0,36,138.0,0
557,3.0,21,0,37,63.0,0
992,0.0,2,1,56,0.0,0
286,3.0,62,0,41,186.0,0
399,0.0,2,1,49,0.0,0
881,3.0,33,0,28,99.0,0
567,3.0,32,0,41,96.0,0
561,2.0,17,0,28,34.0,0
1062,2.0,8,1,60,16.0,0
822,3.0,27,0,50,81.0,0
828,2.0,58,1,50,116.0,0
893,2.0,48,0,41,96.0,0
377,3.0,53,0,40,159.0,0
844,3.0,116,0,49,348.0,0
91,2.0,23,0,28,46.0,0
25,2.0,36,0,28,72.0,0
791,2.0,43,0,36,86.0,0
190,0.0,4,1,54,0.0,1
300,3.0,26,0,50,78.0,0
781,0.0,3,1,54,0.0,0
130,0.0,2,1,49,0.0,0
1071,0.0,12,1,54,0.0,1
758,2.0,8,1,49,16.0,0
826,2.0,7,1,56,14.0,0
672,3.0,16,0,50,48.0,0
617,0.0,2,1,54,0.0,1
693,0.0,4,1,49,0.0,0
144,3.0,95,0,43,285.0,0
547,3.0,52,0,50,156.0,0
444,2.0,2,1,57,4.0,0
1017,3.0,85,0,40,255.0,0
183,0.0,14,1,54,0.0,1
707,2.0,52,0,40,104.0,0
798,2.0,53,0,37,106.0,0
420,3.0,44,0,50,132.0,0
455,2.0,42,0,37,84.0,0
308,2.0,15,0,50,30.0,0
8,2.0,57,0,41,114.0,0
1094,2.0,26,0,50,52.0,0
782,2.0,16,0,40,32.0,0
136,3.0,90,0,40,270.0,0
308,2.0,19,0,36,38.0,0
840,3.0,49,0,37,147.0,0
134,2.0,58,0,37,116.0,0
578,3.0,42,0,40,126.0,0
793,0.0,4,1,56,0.0,0
821,3.0,47,0,41,141.0,0
13,0.0,3,1,60,0.0,0
1040,3.0,65,0,49,195.0,0
330,2.0,18,0,50,36.0,0
596,2.0,57,0,40,114.0,0
889,2.0,19,0,40,38.0,0
13,3.0,40,0,41,120.0,0
480,3.0,71,0,40,213.0,0
934,3.0,59,1,40,177.0,0
703,0.0,14,1,56,0.0,0
302,2.0,10,1,54,20.0,0
325,2.0,29,0,37,58.0,0
1052,3.0,95,0,40,285.0,0
363,2.0,3,1,49,6.0,0
375,2.0,51,0,40,102.0,0
498,2.0,57,1,40,114.0,0
41,0.0,9,1,54,0.0,0
352,0.0,14,0,49,0.0,0
511,2.0,59,0,50,118.0,0
950,3.0,87,0,40,261.0,0
70,2.0,10,1,49,20.0,0
649,2.0,59,0,36,118.0,0
912,2.0,40,0,28,80.0,0
560,2.0,12,1,49,24.0,0
290,2.0,41,0,41,82.0,0
219,3.0,25,0,36,75.0,0
85,3.0,97,0,41,291.0,0
414,2.0,12,1,54,24.0,0
795,3.0,33,1,40,99.0,0
401,3.0,29,1,50,87.0,0
318,3.0,51,0,36,153.0,0
346,3.0,104,0,43,312.0,0
766,2.0,52,0,28,104.0,0
601,2.0,4,1,56,8.0,0
1089,3.0,26,0,28,78.0,0
990,3.0,25,1,28,75.0,0
607,2.0,52,0,28,104.0,0
13,3.0,48,0,53,144.0,0
598,0.0,11,1,49,0.0,0
1019,0.0,5,1,56,0.0,0
307,2.0,14,1,54,28.0,0
893,3.0,117,1,53,351.0,0
650,2.0,6,1,57,12.0,0
670,2.0,8,1,49,16.0,0
447,3.0,37,0,41,111.0,0
866,3.0,20,0,37,60.0,0
516,3.0,57,0,37,171.0,0
355,3.0,49,0,41,147.0,0
520,2.0,28,0,28,56.0,0
704,3.0,26,1,28,78.0,0
296,0.0,7,1,54,0.0,0
379,2.0,47,0,50,94.0,0
814,2.0,8,0,54,16.0,1
1014,3.0,80,0,53,240.0,0
817,3.0,51,1,37,153.0,0
431,2.0,10,1,56,20.0,0
496,0.0,11,1,56,0.0,0
160,3.0,24,0,36,72.0,0
868,3.0,69,0,41,207.0,0
600,0.0,6,1,57,0.0,0
1037,2.0,14,1,54,28.0,1
1050,0.0,13,1,56,0.0,0
72,2.0,30,0,40,60.0,0
430,2.0,2,1,54,4.0,0
546,3.0,105,0,44,315.0,0
822,0.0,3,1,60,0.0,0
749,3.0,22,1,40,66.0,0
911,3.0,108,1,40,324.0,0
658,2.0,28,0,40,56.0,0
1004,2.0,48,0,50,96.0,0
1002,0.0,6,1,54,0.0,0
777,2.0,7,1,54,14.0,0
855,3.0,52,0,50,156.0,0
87,3.0,61,0,53,183.0,0
564,3.0,104,0,49,312.0,0
152,3.0,71,0,53,213.0,0
789,0.0,10,1,60,0.0,0
59,2.0,50,0,28,100.0,0
695,3.0,38,0,28,114.0,0
9,3.0,54,0,50,162.0,0
557,3.0,47,0,40,141.0,0
387,3.0,17,0,36,51.0,0
878,2.0,52,1,50,104.0,0
527,3.0,38,0,37,114.0,0
892,2.0,31,0,50,62.0,0
407,2.0,42,1,37,84.0,0
252,0.0,3,1,54,0.0,1
566,3.0,36,0,50,108.0,0
197,2.0,5,0,54,10.0,1
511,3.0,33,0,41,99.0,0
800,2.0,2,1,49,4.0,0
598,0.0,14,1,54,0.0,0
817,3.0,106,0,44,318.0,0
591,2.0,29,0,36,58.0,0
669,2.0,48,0,41,96.0,0
37,2.0,55,0,28,110.0,0
827,3.0,56,0,43,168.0,0
594,2.0,51,0,50,102.0,0
113,3.0,59,0,53,177.0,0
813,3.0,63,0,53,189.0,0
170,3.0,32,0,41,96.0,0
816,2.0,38,1,36,76.0,0
928,3.0,74,0,49,222.0,0
551,3.0,50,0,43,150.0,0
986,3.0,93,0,40,279.0,0
477,2.0,5,1,54,10.0,1
489,3.0,15,0,50,45.0,0
1070,2.0,12,0,57,24.0,0
278,3.0,59,0,44,177.0,0
853,0.0,13,1,54,0.0,0
480,3.0,35,1,40,105.0,0
76,2.0,10,1,57,20.0,0
639,3.0,76,0,40,228.0,0
338,3.0,109,1,44,327.0,0
735,3.0,19,1,36,57.0,0
997,3.0,57,0,36,171.0,0
67,2.0,54,0,36,108.0,0
302,3.0,65,0,49,195.0,0
721,2.0,12,0,54,24.0,1
307,3.0,20,1,37,60.0,0
132,3.0,49,0,50,147.0,0
891,2.0,59,0,41,118.0,0
990,3.0,33,0,36,99.0,0
914,2.0,53,0,36,106.0,0
70,3.0,91,1,43,273.0,0
400,2.0,5,1,57,10.0,0
767,3.0,46,0,40,138.0,0
512,3.0,21,1,36,63.0,0
161,2.0,20,0,37,40.0,0
877,0.0,2,1,49,0.0,0
42,3.0,56,0,36,168.0,0
954,3.0,57,0,41,171.0,0
111,0.0,3,0,54,0.0,1
1024,2.0,25,1,40,50.0,0
575,3.0,92,0,44,276.0,0
763,3.0,110,0,44,330.0,0
681,2.0,41,0,40,82.0,0
228,3.0,91,0,43,273.0,0
275,2.0,17,0,40,34.0,0
958,2.0,14,0,57,28.0,0
393,3.0,59,0,37,177.0,0
349,3.0,95,0,53,285.0,0
295,0.0,9,0,49,0.0,0
87,2.0,57,1,28,114.0,0
975,3.0,56,0,53,168.0,0
279,0.0,3,1,49,0.0,0
159,0.0,6,1,49,0.0,0
468,2.0,22,0,41,44.0,0
161,2.0,51,0,50,102.0,0
859,3.0,24,0,36,72.0,0
834,3.0,34,0,50,102.0,0
395,3.0,40,0,36,120.0,0
1030,3.0,45,0,50,135.0,0
189,3.0,80,0,53,240.0,0
258,2.0,53,0,28,106.0,0
606,0.0,10,1,56,0.0,0
250,0.0,9,0,54,0.0,0
639,2.0,28,0,36,56.0,0
308,2.0,2,1,49,4.0,0
37,2.0,7,1,57,14.0,0
906,2.0,9,1,54,18.0,1
236,2.0,40,0,28,80.0,0
220,2.0,40,0,37,80.0,0
482,2.0,54,0,28,108.0,0
78,3.0,20,0,40,60.0,0
701,3.0,98,0,53,294.0,0
590,3.0,23,0,41,69.0,0
338,2.0,50,0,40,100.0,0
547,3.0,53,0,41,159.0,0
320,0.0,11,1,54,0.0,1
376,0.0,8,0,54,0.0,1
809,2.0,52,0,37,104.0,0
955,3.0,52,0,41,156.0,0
1065,2.0,33,0,40,66.0,0
1055,2.0,17,0,37,34.0,0
584,2.0,33,0,28,66.0,0
864,3.0,31,0,41,93.0,0
620,3.0,51,0,36,153.0,0
364,2.0,8,1,56,16.0,0
17,2.0,32,0,50,64.0,0
653,2.0,54,0,40,108.0,0
784,2.0,44,0,37,88.0,0
868,3.0,98,0,49,294.0,0
33,0.0,7,1,49,0.0,0
165,0.0,10,1,56,0.0,0
856,2.0,16,0,36,32.0,0
855,2.0,25,1,41,50.0,0
522,3.0,78,0,43,234.0,0
291,3.0,87,0,53,261.0,0
916,3.0,35,0,36,105.0,0
881,2.0,24,0,50,48.0,0
929,2.0,43,0,41,86.0,0
617,3.0,15,0,37,45.0,0
177,3.0,45,0,50,135.0,0
992,3.0,27,0,36,81.0,0
1049,3.0,79,0,49,237.0,0
619,2.0,22,0,50,44.0,0
837,3.0,58,0,28,174.0,0
893,2.0,21,0,41,42.0,0
1,2.0,14,0,60,28.0,0
1005,3.0,50,0,50,150.0,0
950,3.0,15,0,40,45.0,0
936,2.0,12,1,60,24.0,0
1009,2.0,6,1,57,12.0,0
76,2.0,10,1,60,20.0,0
845,2.0,47,0,37,94.0,0
730,2.0,3,1,49,6.0,0
1030,2.0,39,0,40,78.0,0
156,2.0,47,0,28,94.0,0
806,3.0,109,0,43,327.0,0
1060,2.0,29,0,41,58.0,0
468,2.0,30,0,28,60.0,0
42,3.0,61,1,44,183.0,0
134,2.0,3,1,54,6.0,1
763,2.0,28,0,37,56.0,0
137,2.0,24,0,37,48.0,0
151,3.0,65,0,49,195.0,0
494,2.0,10,1,49,20.0,0
914,3.0,25,0,37,75.0,0
348,3.0,49,0,40,147.0,0
776,0.0,11,1,60,0.0,0
734,3.0,57,0,37,171.0,0
318,2.0,54,0,40,108.0,0
806,2.0,10,0,60,20.0,0
622,2.0,35,0,28,70.0,0
194,2.0,36,0,41,72.0,0
136,3.0,19,1,28,57.0,0
237,3.0,98,0,40,294.0,0
90,3.0,25,1,36,75.0,0
725,2.0,43,0,40,86.0,0
307,2.0,9,1,54,18.0,1
399,0.0,13,0,54,0.0,1
419,0.0,10,1,54,0.0,1
654,0.0,12,1,54,0.0,1
940,2.0,52,0,40,104.0,0
621,0.0,3,0,54,0.0,1
871,3.0,28,0,50,84.0,0
94,2.0,26,0,37,52.0,0
808,3.0,25,0,36,75.0,0
187,2.0,9,1,54,18.0,0
96,3.0,26,0,37,78.0,0
902,0.0,13,1,54,0.0,1
687,3.0,58,0,28,174.0,0
382,0.0,1,1,60,0.0,0
598,3.0,90,0,40,270.0,0
332,3.0,77,0,41,231.0,0
1087,2.0,21,0,40,42.0,0
561,2.0,13,1,56,26.0,0
96,2.0,2,1,57,4.0,0
780,3.0,51,1,41,153.0,0
797,3.0,33,0,41,99.0,0
257,2.0,4,1,54,8.0,1
418,3.0,114,0,40,342.0,0
288,3.0,56,0,50,168.0,0
810,3.0,19,0,41,57.0,0
639,2.0,8,1,54,16.0,0
575,2.0,8,1,54,16.0,1
827,3.0,83,0,53,249.0,0
277,2.0,17,0,37,34.0,0
561,2.0,36,0,50,72.0,0
508,3.0,48,1,28,144.0,0
963,0.0,10,1,54,0.0,1
1063,0.0,14,1,60,0.0,0
211,3.0,99,0,41,297.0,0
654,2.0,3,1,49,6.0,0
365,2.0,49,1,40,98.0,0
997,3.0,36,0,41,108.0,0
839,0.0,2,0,54,0.0,1
1091,3.0,41,0,37,123.0,0
243,3.0,40,0,40,120.0,0
195,2.0,59,0,28,118.0,0
384,2.0,12,1,49,24.0,0
582,3.0,64,0,44,192.0,0
437,3.0,52,0,37,156.0,0
698,2.0,26,0,36,52.0,0
275,2.0,56,0,37,112.0,0
815,3.0,100,0,43,300.0,0
876,3.0,40,1,40,120.0,0
302,3.0,25,0,36,75.0,0
1083,3.0,85,0,53,255.0,0
242,2.0,56,0,41,112.0,0
320,0.0,14,1,49,0.0,0
132,3.0,113,0,44,339.0,0
877,0.0,9,1,60,0.0,0
714,3.0,37,0,36,111.0,0
101,0.0,1,1,49,0.0,0
1047,0.0,4,1,49,0.0,0
1051,0.0,4,1,60,0.0,0
75,3.0,49,1,41,147.0,0
84,2.0,7,1,56,14.0,0
660,3.0,38,0,36,114.0,0
312,3.0,22,0,28,66.0,0
875,2.0,29,0,40,58.0,0
368,2.0,32,0,36,64.0,0
103,2.0,48,0,41,96.0,0
553,3.0,31,0,40,93.0,0
876,3.0,59,0,28,177.0,0
816,3.0,75,1,53,225.0,0
527,2.0,5,1,54,10.0,1
703,3.0,56,0,53,168.0,0
701,2.0,58,1,50,116.0,0
516,0.0,6,1,49,0.0,0
508,0.0,3,1,56,0.0,0
150,2.0,28,0,36,56.0,0
350,0.0,13,1,56,0.0,0
749,0.0,7,1,54,0.0,0
398,2.0,33,0,41,66.0,0
1020,0.0,13,1,60,0.0,0
673,2.0,13,0,60,26.0,0
534,2.0,10,1,60,20.0,0
1006,0.0,14,1,54,0.0,0
563,0.0,3,1,60,0.0,0
634,3.0,83,0,43,249.0,0
393,0.0,9,0,60,0.0,0
993,0.0,10,1,56,0.0,0
399,0.0,10,1,60,0.0,0
956,3.0,100,0,49,300.0,0
1053,2.0,45,0,50,90.0,0
606,0.0,4,1,49,0.0,0
699,0.0,3,1,57,0.0,0
444,2.0,59,1,41,118.0,0
952,0.0,3,1,49,0.0,0
1089,3.0,57,0,43,171.0,0
769,3.0,107,0,43,321.0,0
874,2.0,25,0,36,50.0,0
158,3.0,62,0,53,186.0,0
893,2.0,5,1,60,10.0,0
450,3.0,87,1,40,261.0,0
480,3.0,26,0,36,78.0,0
685,3.0,42,0,28,126.0,0
289,0.0,8,1,57,0.0,0
546,2.0,36,0,28,72.0,0
390,3.0,48,0,36,144.0,0
914,3.0,40,0,41,120.0,0
674,3.0,66,0,43,198.0,0
419,2.0,36,1,36,72.0,0
392,2.0,51,0,36,102.0,0
141,3.0,20,1,28,60.0,0
840,3.0,47,0,40,141.0,0
146,3.0,47,0,43,141.0,0
177,3.0,35,0,50,105.0,0
380,2.0,17,1,36,34.0,0
1075,2.0,54,0,50,108.0,0
269,3.0,20,0,37,60.0,0
872,0.0,6,1,57,0.0,0
276,2.0,14,0,56,28.0,0
478,3.0,27,0,28,81.0,0
377,3.0,41,0,41,123.0,0
962,3.0,101,0,43,303.0,0
562,0.0,6,1,49,0.0,0
309,2.0,10,1,54,20.0,0
405,3.0,56,0,41,168.0,0
696,2.0,22,0,37,44.0,0
1038,3.0,71,0,53,213.0,0
733,2.0,50,0,40,100.0,0
277,3.0,24,0,40,72.0,0
42,2.0,39,0,28,78.0,0
288,3.0,38,0,50,114.0,0
335,3.0,58,0,40,174.0,0
836,0.0,6,1,60,0.0,0
311,2.0,32,0,37,64.0,0
375,3.0,20,1,40,60.0,0
369,3.0,93,0,49,279.0,0
689,0.0,1,1,49,0.0,0
871,0.0,9,0,56,0.0,0
133,3.0,106,0,43,318.0,0
836,3.0,23,0,36,69.0,0
280,2.0,7,1,54,14.0,1
798,2.0,33,0,28,66.0,0
1071,3.0,27,0,28,81.0,0
532,2.0,13,1,54,26.0,1
190,0.0,4,1,56,0.0,0
9,0.0,8,1,60,0.0,0
943,2.0,57,1,40,114.0,0
405,3.0,104,1,49,312.0,0
58,3.0,59,0,28,177.0,0
53,2.0,46,0,37,92.0,0
836,2.0,27,0,40,54.0,0
541,3.0,111,0,43,333.0,0
1034,2.0,54,0,36,108.0,0
980,3.0,55,0,36,165.0,0
522,2.0,30,0,41,60.0,0
685,2.0,2,0,54,4.0,0
219,0.0,6,0,54,0.0,0
112,3.0,112,0,43,336.0,0
764,3.0,117,0,53,351.0,0
99,2.0,23,0,28,46.0,0
236,2.0,20,0,36,40.0,0
76,2.0,7,1,49,14.0,0
12,2.0,52,0,41,104.0,0
680,2.0,54,1,36,108.0,0
154,2.0,28,0,28,56.0,0
931,0.0,7,1,60,0.0,0
196,0.0,1,1,57,0.0,0
1019,0.0,5,0,54,0.0,0
429,3.0,54,0,41,162.0,0
771,3.0,17,1,37,51.0,0
1087,3.0,43,0,41,129.0,0
897,2.0,14,1,54,28.0,1
20,2.0,54,1,41,108.0,0
535,2.0,20,1,37,40.0,0
339,0.0,9,1,60,0.0,0
1033,0.0,13,1,60,0.0,0
698,3.0,25,0,50,75.0,0
898,3.0,30,1,37,90.0,0
252,2.0,29,1,36,58.0,0
366,2.0,53,0,37,106.0,0
835,3.0,61,0,41,183.0,0
873,0.0,5,1,60,0.0,0
729,3.0,52,0,36,156.0,0
694,2.0,17,0,28,34.0,0
816,3.0,37,0,41,111.0,0
718,3.0,41,0,40,123.0,0
173,2.0,12,1,56,24.0,0
74,3.0,69,0,40,207.0,0
86,3.0,31,0,50,93.0,0
369,2.0,55,1,36,110.0,0
794,3.0,44,0,28,132.0,0
476,3.0,27,0,28,81.0,0
920,3.0,87,0,53,261.0,0
652,2.0,46,1,40,92.0,0
777,0.0,12,1,54,0.0,1
215,0.0,8,1,49,0.0,0
20,2.0,43,1,50,86.0,0
531,0.0,13,0,54,0.0,0
850,3.0,48,0,28,144.0,0
991,2.0,6,1,56,12.0,0
981,2.0,23,0,40,46.0,0
593,3.0,58,0,41,174.0,0
840,0.0,13,0,54,0.0,0
776,3.0,18,0,40,54.0,0
1072,0.0,8,1,54,0.0,1
807,3.0,51,0,41,153.0,0
956,2.0,56,0,50,112.0,0
599,0.0,5,1,54,0.0,0
581,2.0,59,0,41,118.0,0
204,3.0,36,0,40,108.0,0
480,0.0,13,1,56,0.0,0
13,2.0,5,0,56,10.0,0
307,3.0,95,0,49,285.0,0
151,3.0,87,0,49,261.0,0
222,3.0,82,0,49,246.0,0
531,2.0,14,0,56,28.0,0
396,2.0,4,1,54,8.0,1
921,3.0,111,0,53,333.0,0
139,2.0,2,1,54,4.0,0
541,3.0,49,0,40,147.0,0
541,2.0,27,0,37,54.0,0
111,2.0,4,1,56,8.0,0
1000,2.0,55,1,41,110.0,0
423,3.0,52,1,40,156.0,0
907,3.0,43,0,36,129.0,0
971,2.0,8,0,49,16.0,0
424,2.0,28,1,41,56.0,0
1090,3.0,21,0,50,63.0,0
18,3.0,31,1,37,93.0,0
657,2.0,40,1,50,80.0,0
72,2.0,34,0,36,68.0,0
743,3.0,97,0,43,291.0,0
188,2.0,10,1,49,20.0,0
240,3.0,38,0,40,114.0,0
973,3.0,55,0,50,165.0,0
86,2.0,34,1,28,68.0,0
659,2.0,1,1,54,2.0,1
814,3.0,50,0,41,150.0,0
567,3.0,69,0,44,207.0,0
284,3.0,45,1,36,135.0,0
492,3.0,48,0,28,144.0,0
390,2.0,29,0,28,58.0,0
251,2.0,46,0,40,92.0,0
865,3.0,31,0,41,93.0,0
1029,2.0,29,0,37,58.0,0
32,3.0,113,0,44,339.0,0
819,3.0,46,0,40,138.0,0
353,2.0,20,0,28,40.0,0
195,3.0,107,0,44,321.0,0
32,2.0,14,1,49,28.0,0
472,0.0,2,0,54,0.0,0
83,3.0,15,0,37,45.0,0
473,0.0,7,1,56,0.0,0
1045,3.0,99,0,41,297.0,0
428,0.0,7,1,56,0.0,0
774,0.0,12,1,54,0.0,0
948,2.0,20,1,37,40.0,0
706,2.0,11,1,54,22.0,1
236,3.0,19,1,41,57.0,0
520,0.0,8,1,54,0.0,1
644,2.0,42,0,50,84.0,0
928,0.0,1,1,54,0.0,0
558,0.0,14,1,54,0.0,0
1090,3.0,36,0,36,108.0,0
763,2.0,5,1,54,10.0,1
379,2.0,8,1,60,16.0,0
232,0.0,6,1,57,0.0,0
974,3.0,105,0,40,315.0,0
204,3.0,117,0,49,351.0,0
651,0.0,12,1,60,0.0,0
87,3.0,51,0,53,153.0,0
58,3.0,24,0,50,72.0,0
911,2.0,55,0,36,110.0,0
923,0.0,6,1,57,0.0,0
819,0.0,13,1,60,0.0,0
221,3.0,50,0,40,150.0,0
231,2.0,52,0,36,104.0,0
855,3.0,107,0,53,321.0,0
313,3.0,41,1,50,123.0,0
628,3.0,21,0,28,63.0,0
505,3.0,28,0,28,84.0,0
635,3.0,58,1,40,174.0,0
740,3.0,53,0,40,159.0,0
723,2.0,29,1,41,58.0,0
526,3.0,59,0,50,177.0,0
689,3.0,94,0,41,282.0,0
728,3.0,50,1,28,150.0,0
972,0.0,5,1,60,0.0,0
12,3.0,31,0,41,93.0,0
941,0.0,14,1,54,0.0,1
380,2.0,51,0,40,102.0,0
945,3.0,43,0,36,129.0,0
445,0.0,2,1,56,0.0,0
943,3.0,17,0,50,51.0,0
849,2.0,44,0,36,88.0,0
821,3.0,113,0,44,339.0,0
21,3.0,44,1,36,132.0,0
866,3.0,56,0,36,168.0,0
377,0.0,6,1,57,0.0,0
917,3.0,50,0,41,150.0,0
386,0.0,5,1,49,0.0,0
18,3.0,76,0,41,228.0,0
565,0.0,4,1,54,0.0,0
383,2.0,52,1,37,104.0,0
344,3.0,45,0,44,135.0,0
1025,3.0,29,0,28,87.0,0
1066,3.0,51,0,28,153.0,0
435,3.0,24,0,41,72.0,0
603,2.0,23,1,50,46.0,0
835,2.0,49,0,50,98.0,0
267,2.0,8,1,57,16.0,0
515,0.0,12,0,54,0.0,0
416,0.0,7,1,60,0.0,0
1002,3.0,19,1,50,57.0,0
610,2.0,51,0,37,102.0,0
58,0.0,6,1,60,0.0,0
383,3.0,50,0,53,150.0,0
926,2.0,47,0,28,94.0,0
740,2.0,8,1,54,16.0,1
311,0.0,12,1,49,0.0,0
1046,3.0,25,0,37,75.0,0
123,2.0,13,1,54,26.0,0
695,3.0,22,0,37,66.0,0
725,3.0,64,0,53,192.0,0
434,0.0,4,1,60,0.0,0
44,0.0,3,1,57,0.0,0
318,3.0,25,0,40,75.0,0
735,2.0,9,1,54,18.0,0
113,2.0,17,0,41,34.0,0
620,2.0,49,0,50,98.0,0
338,3.0,79,0,41,237.0,0
563,3.0,79,0,53,237.0,0
988,3.0,45,0,50,135.0,0
138,2.0,19,1,37,38.0,0
179,3.0,75,0,44,225.0,0
271,2.0,29,0,50,58.0,0
1076,0.0,11,1,56,0.0,0
917,3.0,45,1,41,135.0,0
596,2.0,41,0,40,82.0,0
958,0.0,12,1,54,0.0,1
974,0.0,14,1,54,0.0,0
951,2.0,6,1,49,12.0,0
858,3.0,19,0,28,57.0,0
366,3.0,56,0,43,168.0,0
42,2.0,11,0,56,22.0,0
503,3.0,58,0,41,174.0,0
710,2.0,56,0,40,112.0,0
924,2.0,14,1,60,28.0,0
363,0.0,3,1,54,0.0,0
44,2.0,27,0,50,54.0,0
652,2.0,20,0,36,40.0,0
133,3.0,18,0,36,54.0,0
456,3.0,35,0,41,105.0,0
786,3.0,35,0,41,105.0,0
392,3.0,44,0,37,132.0,0
786,3.0,104,0,49,312.0,0
1089,3.0,45,0,49,135.0,0
193,2.0,16,0,28,32.0,0
375,2.0,14,1,49,28.0,0
556,2.0,7,0,60,14.0,0
410,3.0,15,0,36,45.0,0
78,3.0,39,0,40,117.0,0
1074,2.0,29,0,41,58.0,0
408,0.0,8,1,54,0.0,1
741,3.0,62,0,53,186.0,0
926,2.0,9,1,56,18.0,0
719,3.0,59,0,37,177.0,0
308,2.0,5,1,49,10.0,0
289,2.0,42,0,50,84.0,0
1059,2.0,31,0,40,62.0,0
947,2.0,2,1,56,4.0,0
250,3.0,53,0,44,159.0,0
615,3.0,99,0,43,297.0,0
967,2.0,25,0,50,50.0,0
514,3.0,109,0,49,327.0,0
462,3.0,70,0,43,210.0,0
554,0.0,10,0,56,0.0,0
1016,2.0,11,0,57,22.0,0
843,3.0,57,0,37,171.0,0
825,2.0,6,1,54,12.0,0
1035,2.0,39,0,41,78.0,0
342,3.0,31,0,50,93.0,0
206,0.0,13,1,54,0.0,1
502,0.0,14,1,54,0.0,0
618,0.0,6,1,54,0.0,1
107,2.0,7,0,60,14.0,0
1036,0.0,7,1,57,0.0,0
175,2.0,42,0,50,84.0,0
425,0.0,10,1,54,0.0,0
833,2.0,22,0,37,44.0,0
990,3.0,63,0,43,189.0,0
943,0.0,2,1,56,0.0,0
875,0.0,2,1,60,0.0,0
873,0.0,13,1,56,0.0,0
933,2.0,7,1,60,14.0,0
845,2.0,34,0,40,68.0,0
818,3.0,31,0,37,93.0,0
73,2.0,50,0,28,100.0,0
271,3.0,25,0,37,75.0,0
1071,0.0,8,0,54,0.0,1
465,2.0,36,0,41,72.0,0
708,0.0,14,1,60,0.0,0
171,2.0,38,0,40,76.0,0
695,2.0,19,1,41,38.0,0
274,0.0,4,1,60,0.0,0
436,2.0,46,1,50,92.0,0
993,3.0,90,1,40,270.0,0
913,0.0,3,1,57,0.0,0
82,2.0,2,0,60,4.0,0
390,3.0,22,0,40,66.0,0
806,0.0,7,1,49,0.0,0
1014,2.0,11,1,60,22.0,0
48,0.0,10,1,54,0.0,0
258,3.0,28,1,41,84.0,0
959,2.0,27,1,37,54.0,0
148,2.0,7,1,56,14.0,0
917,3.0,49,1,36,147.0,0
568,3.0,28,1,37,84.0,0
481,0.0,2,1,60,0.0,0
988,3.0,85,0,44,255.0,0
869,3.0,107,0,41,321.0,0
233,3.0,65,1,40,195.0,0
587,2.0,54,0,36,108.0,0
993,2.0,5,0,56,10.0,0
147,0.0,11,1,57,0.0,0
271,2.0,42,1,36,84.0,0
561,2.0,13,1,56,26.0,0
898,2.0,11,1,57,22.0,0
780,0.0,1,1,49,0.0,0
179,0.0,5,0,49,0.0,0
465,0.0,2,1,57,0.0,0
1054,2.0,43,0,40,86.0,0
626,2.0,53,0,41,106.0,0
511,2.0,18,0,36,36.0,0
304,3.0,37,0,37,111.0,0
272,3.0,95,0,49,285.0,0
680,0.0,5,1,54,0.0,1
1055,3.0,36,0,28,108.0,0
283,2.0,10,1,56,20.0,0
801,3.0,102,1,43,306.0,0
325,2.0,10,1,56,20.0,0
255,2.0,54,0,50,108.0,0
503,3.0,45,0,50,135.0,0
864,3.0,46,0,41,138.0,0
263,3.0,42,0,40,126.0,0
774,3.0,57,0,37,171.0,0
497,0.0,14,1,57,0.0,0
691,2.0,37,0,36,74.0,0
855,2.0,15,0,40,30.0,0
661,0.0,1,1,54,0.0,0
711,3.0,43,0,36,129.0,0
637,2.0,16,0,36,32.0,0
304,3.0,44,0,28,132.0,0
1069,0.0,1,0,54,0.0,0
836,2.0,24,0,50,48.0,0
841,2.0,14,1,49,28.0,0
759,2.0,31,0,28,62.0,0
891,2.0,9,1,57,18.0,0
15,2.0,1,1,60,2.0,0
781,3.0,35,0,36,105.0,0
819,0.0,11,1,57,0.0,0
1077,3.0,16,0,41,48.0,0
747,0.0,12,0,54,0.0,1
405,2.0,30,1,37,60.0,0
278,2.0,5,1,49,10.0,0
427,3.0,22,0,28,66.0,0
247,0.0,2,1,57,0.0,0
240,0.0,10,1,57,0.0,0
69,3.0,118,0,40,354.0,0
1034,3.0,65,0,43,195.0,0
938,2.0,50,0,40,100.0,0
133,3.0,53,0,50,159.0,0
246,3.0,24,0,41,72.0,0
46,0.0,10,0,49,0.0,0
712,3.0,40,0,37,120.0,0
1039,2.0,7,1,54,14.0,1
869,0.0,4,1,60,0.0,0
521,2.0,5,1,49,10.0,0
281,2.0,2,1,49,4.0,0
977,3.0,29,0,40,87.0,0
471,2.0,43,0,41,86.0,0
503,3.0,52,0,37,156.0,0
499,0.0,14,1,57,0.0,0
902,2.0,3,1,56,6.0,0
1086,2.0,30,0,50,60.0,0
762,0.0,14,1,54,0.0,1
1071,2.0,9,1,60,18.0,0
701,3.0,49,0,49,147.0,0
894,3.0,86,0,43,258.0,0
79,3.0,21,0,50,63.0,0
226,2.0,4,0,54,8.0,0
512,3.0,29,1,36,87.0,0
21,2.0,49,0,36,98.0,0
1017,3.0,93,0,43,279.0,0
446,3.0,33,0,28,99.0,0
199,2.0,7,1,57,14.0,0
797,2.0,4,1,60,8.0,0
1062,3.0,92,0,44,276.0,0
748,2.0,12,1,56,24.0,0
995,3.0,57,0,36,171.0,0
850,3.0,93,0,41,279.0,0
1091,2.0,8,1,56,16.0,0
647,0.0,12,1,54,0.0,1
403,0.0,1,1,56,0.0,0
455,2.0,47,0,50,94.0,0
1053,2.0,22,0,28,44.0,0
92,3.0,47,0,50,141.0,0
975,3.0,67,0,44,201.0,0
375,2.0,32,0,37,64.0,0
755,2.0,59,0,36,118.0,0
996,0.0,1,1,57,0.0,0
595,3.0,16,0,40,48.0,0
752,2.0,43,0,40,86.0,0
464,3.0,57,0,41,171.0,0
282,3.0,51,0,37,153.0,0
960,3.0,79,0,44,237.0,0
447,3.0,38,0,28,114.0,0
980,3.0,41,0,41,123.0,0
74,0.0,12,1,54,0.0,1
205,2.0,2,1,60,4.0,0
937,2.0,10,0,49,20.0,0
559,3.0,65,0,40,195.0,0
974,3.0,106,0,41,318.0,0
274,2.0,12,1,54,24.0,1
784,0.0,7,0,54,0.0,1
553,2.0,34,0,41,68.0,0
839,3.0,34,1,37,102.0,0
173,2.0,11,1,60,22.0,0
292,3.0,92,0,43,276.0,0
996,2.0,53,0,28,106.0,0
368,3.0,35,0,36,105.0,0
163,0.0,6,1,57,0.0,0
950,3.0,103,0,40,309.0,0
331,3.0,82,0,49,246.0,0
296,3.0,56,0,44,168.0,0
1024,2.0,27,0,36,54.0,0
292,3.0,101,0,43,303.0,0
826,0.0,1,1,54,0.0,0
705,0.0,9,0,56,0.0,0
694,3.0,19,0,40,57.0,0
792,3.0,53,0,40,159.0,0
864,3.0,18,1,40,54.0,0
331,3.0,29,0,28,87.0,0
779,3.0,46,0,28,138.0,0
630,2.0,42,0,36,84.0,0
1078,2.0,37,1,50,74.0,0
275,2.0,58,0,36,116.0,0
986,0.0,10,0,54,0.0,0
35,3.0,24,1,40,72.0,0
225,3.0,16,0,37,48.0,0
1060,3.0,46,1,40,138.0,0
952,2.0,6,0,56,12.0,0
356,3.0,47,0,44,141.0,0
916,2.0,24,0,36,48.0,0
567,0.0,9,1,60,0.0,0
864,2.0,49,1,37,98.0,0
245,3.0,59,0,50,177.0,0
748,2.0,1,1,54,2.0,1
520,3.0,26,0,37,78.0,0
47,2.0,17,0,28,34.0,0
940,3.0,96,0,41,288.0,0
516,3.0,59,0,40,177.0,0
1057,3.0,44,0,28,132.0,0
85,2.0,2,0,54,4.0,1
787,2.0,47,0,50,94.0,0
614,2.0,39,0,40,78.0,0
347,3.0,58,0,37,174.0,0
1037,2.0,38,0,40,76.0,0
185,3.0,71,0,41,213.0,0
331,0.0,4,1,49,0.0,0
458,2.0,3,1,49,6.0,0
978,2.0,25,1,28,50.0,0
1085,2.0,53,0,36,106.0,0
250,2.0,41,0,50,82.0,0
616,0.0,5,1,54,0.0,0
843,3.0,52,1,40,156.0,0
608,2.0,19,0,50,38.0,0
749,2.0,25,0,41,50.0,0
397,3.0,85,0,53,255.0,0
9,3.0,97,0,44,291.0,0
685,2.0,58,0,36,116.0,0
58,0.0,4,1,54,0.0,1
109,3.0,118,0,53,354.0,0
227,2.0,16,0,40,32.0,0
199,2.0,51,0,41,102.0,0
1067,2.0,48,0,28,96.0,0
629,0.0,2,1,56,0.0,0
913,2.0,10,1,57,20.0,0
884,3.0,55,0,40,165.0,0
632,2.0,57,1,40,114.0,0
212,2.0,12,1,54,24.0,1
692,3.0,117,0,43,351.0,0
117,0.0,1,1,54,0.0,1
36,2.0,6,1,56,12.0,0
381,2.0,27,0,41,54.0,0
575,0.0,1,1,49,0.0,0
346,3.0,65,0,44,195.0,0
839,3.0,36,0,36,108.0,0
509,3.0,80,0,41,240.0,0
257,2.0,58,0,50,116.0,0
439,0.0,12,1,60,0.0,0
927,3.0,17,1,28,51.0,0
770,2.0,3,1,54,6.0,0
1014,2.0,13,1,56,26.0,0
1063,2.0,9,1,54,18.0,0
704,2.0,13,1,57,26.0,0
61,2.0,12,1,57,24.0,0
542,3.0,75,0,49,225.0,0
1015,2.0,54,0,40,108.0,0
35,0.0,12,1,60,0.0,0
210,3.0,80,0,49,240.0,0
748,3.0,91,0,44,273.0,0
140,2.0,14,0,56,28.0,0
913,2.0,5,0,57,10.0,0
113,3.0,22,1,37,66.0,0
401,3.0,43,0,50,129.0,0
692,2.0,6,0,60,12.0,0
27,3.0,16,0,40,48.0,0
71,3.0,29,0,37,87.0,0
822,3.0,18,1,41,54.0,0
628,2.0,55,0,41,110.0,0
223,3.0,34,0,50,102.0,0
660,2.0,9,1,57,18.0,0
913,2.0,52,0,36,104.0,0
907,2.0,7,1,57,14.0,0
244,2.0,38,0,50,76.0,0
407,0.0,2,0,60,0.0,0
1054,0.0,3,1,54,0.0,1
1083,2.0,14,1,56,28.0,0
1036,3.0,26,0,37,78.0,0
759,2.0,57,0,37,114.0,0
202,2.0,22,0,28,44.0,0
356,3.0,90,0,53,270.0,0
686,3.0,54,0,41,162.0,0
474,3.0,44,0,28,132.0,0
431,3.0,39,0,50,117.0,0
177,3.0,41,0,28,123.0,0
871,2.0,6,1,54,12.0,0
963,2.0,3,1,57,6.0,0
39,3.0,91,0,43,273.0,0
242,2.0,1,1,54,2.0,1
263,3.0,89,0,44,267.0,0
812,2.0,31,0,50,62.0,0
985,3.0,68,0,40,204.0,0
280,2.0,7,1,56,14.0,0
651,3.0,35,0,40,105.0,0
782,2.0,18,0,37,36.0,0
1071,2.0,24,0,36,48.0,0
765,3.0,16,1,37,48.0,0
471,3.0,34,1,36,102.0,0
1004,3.0,19,0,36,57.0,0
440,0.0,7,1,54,0.0,1
78,2.0,21,0,41,42.0,0
1073,0.0,14,0,49,0.0,0
321,0.0,8,1,60,0.0,0
216,2.0,55,0,28,110.0,0
597,0.0,14,1,60,0.0,0
264,2.0,18,0,40,36.0,0
19,2.0,53,1,41,106.0,0
413,0.0,4,1,57,0.0,0
988,2.0,9,1,56,18.0,0
805,0.0,13,0,49,0.0,0
301,2.0,10,0,57,20.0,0
914,0.0,1,0,54,0.0,1
706,2.0,57,0,28,114.0,0
615,2.0,12,1,54,24.0,0
47,2.0,50,0,37,100.0,0
130,0.0,12,1,54,0.0,0
658,2.0,41,0,36,82.0,0
1063,2.0,10,0,54,20.0,0
445,3.0,33,0,50,99.0,0
960,2.0,10,1,54,20.0,0
987,2.0,13,1,56,26.0,0
877,3.0,116,0,41,348.0,0
428,0.0,5,0,54,0.0,0
848,2.0,47,1,41,94.0,0
217,3.0,108,0,53,324.0,0
657,3.0,53,0,36,159.0,0
1092,2.0,5,0,56,10.0,0
237,2.0,18,0,41,36.0,0
1034,0.0,10,1,56,0.0,0
647,3.0,75,0,43,225.0,0
883,3.0,46,0,36,138.0,0
222,3.0,112,0,53,336.0,0
658,3.0,74,0,41,222.0,0
67,3.0,105,0,40,315.0,0
475,3.0,42,0,28,126.0,0
771,3.0,19,0,41,57.0,0
631,3.0,28,0,40,84.0,0
294,3.0,30,0,41,90.0,0
808,3.0,51,0,41,153.0,0
667,3.0,35,0,37,105.0,0
930,3.0,57,0,36,171.0,0
676,3.0,31,0,50,93.0,0
184,3.0,113,0,44,339.0,0
75,2.0,11,1,49,22.0,0
396,2.0,37,0,36,74.0,0
1030,2.0,19,0,41,38.0,0
181,3.0,63,0,41,189.0,0
663,0.0,5,1,49,0.0,0
1089,2.0,7,1,60,14.0,0
843,2.0,43,0,41,86.0,0
964,2.0,47,0,50,94.0,0
973,3.0,57,0,44,171.0,0
740,0.0,9,1,56,0.0,0
577,2.0,56,0,36,112.0,0
942,2.0,49,0,36,98.0,0
378,3.0,40,1,41,120.0,0
171,3.0,99,0,40,297.0,0
273,3.0,59,0,41,177.0,0
87,3.0,33,0,37,99.0,0
518,3.0,113,0,40,339.0,0
974,2.0,40,0,37,80.0,0
539,3.0,45,0,37,135.0,0
344,0.0,3,1,56,0.0,0
277,2.0,11,1,54,22.0,1
369,2.0,1,1,49,2.0,0
920,3.0,54,0,50,162.0,0
133,0.0,6,1,60,0.0,0
758,3.0,95,0,41,285.0,0
401,3.0,36,0,36,108.0,0
1041,2.0,3,1,60,6.0,0
771,3.0,24,0,40,72.0,0
744,3.0,33,0,50,99.0,0
897,2.0,11,0,57,22.0,0
657,2.0,47,0,37,94.0,0
265,3.0,80,0,41,240.0,0
715,3.0,95,0,41,285.0,0
986,3.0,116,0,40,348.0,0
569,2.0,8,0,54,16.0,1
656,2.0,12,1,56,24.0,0
793,2.0,10,1,56,20.0,0
294,2.0,58,0,40,116.0,0
861,0.0,10,1,57,0.0,0
141,2.0,15,0,28,30.0,0
222,3.0,30,1,37,90.0,0
288,2.0,9,1,57,18.0,0
368,2.0,7,0,54,14.0,1
895,3.0,39,0,40,117.0,0
54,0.0,11,1,54,0.0,0
1054,3.0,49,1,40,147.0,0
434,3.0,92,0,43,276.0,0
1090,3.0,55,0,40,165.0,0
388,2.0,30,0,28,60.0,0
62,2.0,10,1,56,20.0,0
1056,3.0,45,0,49,135.0,0
576,3.0,21,0,28,63.0,0
718,3.0,111,0,49,333.0,0
446,2.0,1,1,57,2.0,0
214,3.0,46,0,53,138.0,0
661,2.0,21,0,37,42.0,0
788,3.0,57,1,53,171.0,0
1013,0.0,1,0,54,0.0,1
265,3.0,50,0,53,150.0,0
490,2.0,24,0,37,48.0,0
733,3.0,22,0,28,66.0,0
761,3.0,30,0,37,90.0,0
993,3.0,71,0,40,213.0,0
234,2.0,54,0,36,108.0,0
278,0.0,10,1,60,0.0,0
628,2.0,23,0,50,46.0,0
572,0.0,13,0,57,0.0,0
878,0.0,13,1,54,0.0,1
762,3.0,113,0,44,339.0,0
809,2.0,3,1,49,6.0,0
709,3.0,53,0,53,159.0,0
1030,3.0,34,1,28,102.0,0
61,2.0,51,1,37,102.0,0
955,3.0,67,0,53,201.0,0
527,3.0,58,1,28,174.0,0
313,0.0,10,1,54,0.0,1
261,2.0,17,0,28,34.0,0
782,2.0,10,1,56,20.0,0
518,3.0,41,0,36,123.0,0
285,3.0,71,0,53,213.0,0
702,2.0,11,1,49,22.0,0
166,3.0,44,0,37,132.0,0
427,0.0,4,1,56,0.0,0
196,3.0,50,0,28,150.0,0
1090,3.0,23,0,28,69.0,0
348,3.0,83,0,53,249.0,0
794,0.0,1,1,57,0.0,0
730,3.0,45,0,36,135.0,0
82,2.0,59,0,36,118.0,0
469,0.0,9,1,54,0.0,0
150,3.0,17,0,37,51.0,0
495,3.0,37,1,41,111.0,0
74,3.0,55,0,40,165.0,0
601,2.0,11,1,60,22.0,0
289,0.0,8,0,56,0.0,0
10,2.0,44,1,36,88.0,0
898,3.0,24,0,40,72.0,0
819,3.0,25,0,50,75.0,0
780,2.0,5,1,56,10.0,0
1017,3.0,44,0,40,132.0,0
251,3.0,117,0,49,351.0,0
1062,3.0,19,0,50,57.0,0
375,3.0,60,0,43,180.0,0
458,2.0,3,0,57,6.0,0
42,3.0,15,0,40,45.0,0
1033,2.0,6,1,54,12.0,0
690,3.0,77,0,40,231.0,0
25,3.0,62,0,49,186.0,0
520,0.0,11,1,60,0.0,0
559,3.0,97,0,41,291.0,0
162,2.0,9,1,54,18.0,1
563,3.0,71,0,41,213.0,0
988,2.0,37,0,37,74.0,0
144,3.0,15,1,37,45.0,0
390,0.0,3,0,49,0.0,0
314,0.0,10,1,57,0.0,0
573,2.0,47,0,37,94.0,0
381,2.0,46,0,28,92.0,0
1039,2.0,13,1,56,26.0,0
582,3.0,95,0,53,285.0,0
877,3.0,57,0,43,171.0,0
4,2.0,51,0,41,102.0,0
976,2.0,27,0,28,54.0,0
967,2.0,1,0,60,2.0,0
884,2.0,36,0,40,72.0,0
293,3.0,93,0,43,279.0,0
905,3.0,47,0,37,141.0,0
453,0.0,1,1,54,0.0,0
704,3.0,53,1,36,159.0,0
14,2.0,2,1,54,4.0,0
364,0.0,2,1,54,0.0,1
195,2.0,30,1,50,60.0,0
1085,3.0,28,0,41,84.0,0
307,0.0,5,1,54,0.0,1
725,0.0,14,1,54,0.0,0
633,3.0,58,0,37,174.0,0
328,0.0,7,0,54,0.0,0
1038,0.0,8,0,56,0.0,0
441,2.0,34,0,36,68.0,0
476,3.0,109,0,49,327.0,0
90,3.0,77,0,44,231.0,0
1018,2.0,27,0,41,54.0,0
970,3.0,27,0,50,81.0,0
871,3.0,117,0,43,351.0,0
747,2.0,37,0,36,74.0,0
88,3.0,61,0,40,183.0,0
768,3.0,83,0,53,249.0,0
982,0.0,14,1,57,0.0,0
592,2.0,12,1,60,24.0,0
794,2.0,10,1,60,20.0,0
668,2.0,1,1,60,2.0,0
726,2.0,13,1,49,26.0,0
253,0.0,12,1,54,0.0,0
1090,3.0,92,0,53,276.0,0
917,0.0,5,1,54,0.0,1
913,0.0,1,1,54,0.0,0
54,3.0,37,0,40,111.0,0
802,3.0,66,0,40,198.0,0
661,2.0,31,0,50,62.0,0
500,2.0,4,0,57,8.0,0
219,0.0,7,0,54,0.0,1
834,3.0,68,1,49,204.0,0
180,2.0,20,0,37,40.0,0
531,3.0,59,0,40,177.0,0
370,3.0,71,0,43,213.0,0
1064,0.0,14,1,60,0.0,0
17,0.0,2,1,54,0.0,1
897,3.0,66,0,49,198.0,0
1039,3.0,71,0,44,213.0,0
709,2.0,9,1,56,18.0,0
357,3.0,19,1,28,57.0,0
997,2.0,55,0,36,110.0,0
617,3.0,53,0,40,159.0,0
55,2.0,43,0,28,86.0,0
415,2.0,54,0,28,108.0,0
176,0.0,3,1,60,0.0,0
979,2.0,55,0,36,110.0,0
870,3.0,43,0,36,129.0,0
968,2.0,22,0,36,44.0,0
336,2.0,2,1,49,4.0,0
986,2.0,1,1,56,2.0,0
565,3.0,36,0,50,108.0,0
933,2.0,59,0,37,118.0,0
226,3.0,58,0,49,174.0,0
148,2.0,10,1,54,20.0,0
748,0.0,10,1,60,0.0,0
836,2.0,58,0,50,116.0,0
533,3.0,31,0,40,93.0,0
1072,3.0,73,0,43,219.0,0
165,0.0,6,0,49,0.0,0
859,3.0,40,0,40,120.0,0
533,2.0,12,1,60,24.0,0
186,2.0,30,1,50,60.0,0
287,2.0,13,0,49,26.0,0
676,3.0,48,0,37,144.0,0
730,3.0,95,0,43,285.0,0
630,0.0,8,1,49,0.0,0
801,2.0,47,0,37,94.0,0
242,2.0,5,1,56,10.0,0
826,3.0,45,0,50,135.0,0
99,0.0,7,1,49,0.0,0
883,3.0,44,0,50,132.0,0
29,2.0,2,1,54,4.0,0
606,2.0,1,1,56,2.0,0
79,2.0,55,0,28,110.0,0
64,2.0,26,1,41,52.0,0
340,0.0,5,1,56,0.0,0
451,2.0,36,0,37,72.0,0
663,2.0,54,0,41,108.0,0
804,2.0,8,1,60,16.0,0
878,3.0,107,0,53,321.0,0
223,3.0,51,1,50,153.0,0
316,3.0,31,0,28,93.0,0
397,3.0,73,0,49,219.0,0
417,2.0,37,0,40,74.0,0
349,3.0,23,0,50,69.0,0
976,2.0,28,0,40,56.0,0
736,3.0,52,0,40,156.0,0
853,2.0,21,0,36,42.0,0
993,3.0,104,0,43,312.0,0
1083,3.0,48,0,43,144.0,0
734,3.0,27,0,36,81.0,0
168,2.0,18,0,50,36.0,0
19,0.0,9,1,54,0.0,1
401,3.0,48,0,36,144.0,0
997,3.0,69,0,44,207.0,0
144,3.0,103,0,43,309.0,0
68,2.0,17,1,28,34.0,0
487,3.0,108,0,49,324.0,0
306,2.0,7,1,54,14.0,1
306,2.0,14,1,56,28.0,0
960,2.0,1,1,54,2.0,0
798,2.0,53,0,50,106.0,0
731,2.0,21,0,28,42.0,0
39,0.0,13,0,56,0.0,0
13,3.0,72,0,40,216.0,0
887,3.0,81,1,53,243.0,0
785,2.0,35,0,40,70.0,0
715,3.0,52,0,36,156.0,0
229,3.0,56,0,44,168.0,0
874,3.0,35,0,41,105.0,0
489,3.0,72,0,53,216.0,0
691,2.0,28,1,28,56.0,0
589,3.0,77,0,40,231.0,0
1026,3.0,64,0,43,192.0,0
856,3.0,17,0,40,51.0,0
785,2.0,46,1,41,92.0,0
871,3.0,57,0,53,171.0,0
792,2.0,13,1,56,26.0,0
515,0.0,2,1,49,0.0,0
341,3.0,45,1,50,135.0,0
188,3.0,83,0,53,249.0,0
92,3.0,15,1,40,45.0,0
859,2.0,51,0,40,102.0,0
506,2.0,15,0,50,30.0,0
950,2.0,55,0,28,110.0,0
423,2.0,59,0,37,118.0,0
284,3.0,102,0,49,306.0,0
587,3.0,73,0,41,219.0,0
753,3.0,52,1,41,156.0,0
498,3.0,18,1,28,54.0,0
794,2.0,31,0,41,62.0,0
524,2.0,40,0,40,80.0,0
853,3.0,52,0,37,156.0,0
1070,2.0,28,0,36,56.0,0
872,2.0,32,1,37,64.0,0
889,0.0,5,1,57,0.0,0
475,0.0,9,1,54,0.0,1
390,0.0,13,1,60,0.0,0
787,3.0,17,0,28,51.0,0
708,3.0,97,0,53,291.0,0
1076,3.0,49,0,43,147.0,0
805,3.0,49,0,28,147.0,0
984,3.0,44,0,40,132.0,0
814,2.0,7,1,54,14.0,1
511,2.0,32,0,40,64.0,0
442,2.0,6,0,56,12.0,0
999,0.0,8,1,54,0.0,0
822,3.0,34,0,41,102.0,0
851,3.0,98,0,44,294.0,0
1063,0.0,10,1,49,0.0,0
840,0.0,4,0,49,0.0,0
543,2.0,5,1,54,10.0,0
515,3.0,65,0,53,195.0,0
424,3.0,33,0,41,99.0,0
408,3.0,115,0,53,345.0,0
783,2.0,45,0,40,90.0,0
1084,2.0,30,0,41,60.0,0
82,3.0,43,0,36,129.0,0
180,2.0,13,1,49,26.0,0
276,3.0,48,0,40,144.0,0
902,2.0,21,1,50,42.0,0
596,2.0,52,0,36,104.0,0
510,3.0,62,0,44,186.0,0
1001,3.0,52,0,37,156.0,0
21,3.0,73,0,49,219.0,0
140,3.0,94,1,43,282.0,0
963,3.0,33,0,50,99.0,0
850,2.0,8,1,49,16.0,0
354,0.0,8,1,54,0.0,0
271,3.0,48,0,36,144.0,0
989,3.0,86,0,49,258.0,0
892,0.0,14,1,57,0.0,0
583,0.0,14,1,54,0.0,1
919,3.0,45,0,41,135.0,0
549,0.0,2,1,54,0.0,1
462,3.0,76,0,44,228.0,0
67,2.0,36,0,36,72.0,0
602,3.0,113,1,53,339.0,0
150,0.0,1,1,57,0.0,0
80,0.0,9,1,56,0.0,0
929,2.0,49,0,40,98.0,0
438,2.0,55,1,41,110.0,0
566,3.0,49,0,50,147.0,0
621,3.0,96,0,49,288.0,0
338,3.0,59,0,28,177.0,0
554,3.0,80,0,49,240.0,0
658,2.0,43,0,50,86.0,0
632,0.0,3,1,54,0.0,0
676,0.0,6,1,49,0.0,0
234,3.0,96,0,40,288.0,0
1075,2.0,10,1,56,20.0,0
87,2.0,32,0,40,64.0,0
250,2.0,12,1,54,24.0,0
74,3.0,54,0,28,162.0,0
149,3.0,106,0,49,318.0,0
325,0.0,5,1,54,0.0,0
538,2.0,4,1,54,8.0,0
1073,3.0,98,0,40,294.0,0
612,2.0,3,0,60,6.0,0
662,3.0,73,0,40,219.0,0
315,0.0,1,1,56,0.0,0
186,0.0,5,1,54,0.0,0
358,3.0,116,0,41,348.0,0
1063,3.0,70,0,41,210.0,0
1040,2.0,19,1,36,38.0,0
1071,3.0,58,0,49,174.0,0
830,3.0,17,0,28,51.0,0
581,3.0,93,0,49,279.0,0
559,0.0,2,1,56,0.0,0
543,2.0,28,1,41,56.0,0
1092,3.0,18,0,28,54.0,0
208,3.0,40,0,41,120.0,0
426,2.0,7,1,56,14.0,0
82,3.0,22,0,50,66.0,0
92,3.0,64,0,40,192.0,0
428,2.0,2,1,60,4.0,0
615,2.0,16,0,36,32.0,0
1000,3.0,46,1,40,138.0,0
99,3.0,111,0,53,333.0,0
750,3.0,39,0,41,117.0,0
360,0.0,10,1,54,0.0,0
1010,3.0,52,0,50,156.0,0
485,3.0,47,0,41,141.0,0
455,3.0,110,0,44,330.0,0
171,3.0,50,0,49,150.0,0
56,3.0,53,1,28,159.0,0
459,3.0,40,0,28,120.0,0
175,3.0,81,0,53,243.0,0
54,2.0,39,0,40,78.0,0
437,3.0,69,0,53,207.0,0
226,3.0,111,0,40,333.0,0
327,3.0,49,0,40,147.0,0
1088,3.0,63,0,49,189.0,0
169,0.0,9,1,49,0.0,0
209,2.0,19,0,37,38.0,0
1005,3.0,19,0,50,57.0,0
522,2.0,23,0,40,46.0,0
56,3.0,49,0,36,147.0,0
502,2.0,58,0,41,116.0,0
315,3.0,77,1,49,231.0,0
201,2.0,16,0,36,32.0,0
962,2.0,41,0,40,82.0,0
855,2.0,25,0,37,50.0,0
726,3.0,53,0,49,159.0,0
42,2.0,28,0,28,56.0,0
956,2.0,9,1,60,18.0,0
920,0.0,4,0,54,0.0,1
156,3.0,32,0,50,96.0,0
612,2.0,16,0,50,32.0,0
865,2.0,19,0,37,38.0,0
684,2.0,3,1,54,6.0,0
564,3.0,54,0,40,162.0,0
22,3.0,118,0,53,354.0,0
454,3.0,70,0,49,210.0,0
155,0.0,11,1,60,0.0,0
693,2.0,54,0,50,108.0,0
515,3.0,87,0,53,261.0,0
502,2.0,9,1,49,18.0,0
505,3.0,27,0,40,81.0,0
118,2.0,5,1,54,10.0,0
190,0.0,4,1,54,0.0,1
615,3.0,116,0,40,348.0,0
506,2.0,17,0,28,34.0,0
179,3.0,103,0,40,309.0,0
91,3.0,67,0,43,201.0,0
253,0.0,1,1,57,0.0,0
1036,3.0,93,0,44,279.0,0
196,3.0,100,0,41,300.0,0
854,2.0,36,0,41,72.0,0
832,2.0,11,1,57,22.0,0
153,2.0,1,1,54,2.0,0
269,2.0,51,0,37,102.0,0
173,3.0,54,0,41,162.0,0
876,3.0,42,1,41,126.0,0
582,3.0,43,0,28,129.0,0
27,3.0,108,0,41,324.0,0
854,3.0,32,0,37,96.0,0
676,2.0,4,1,60,8.0,0
485,0.0,4,1,54,0.0,0
752,3.0,25,0,37,75.0,0
628,2.0,4,1,49,8.0,0
901,3.0,59,0,44,177.0,0
700,3.0,21,1,50,63.0,0
596,3.0,38,0,41,114.0,0
450,2.0,14,1,57,28.0,0
123,0.0,2,1,54,0.0,0
826,3.0,43,0,36,129.0,0
703,3.0,35,0,41,105.0,0
518,2.0,6,1,54,12.0,0
318,2.0,7,1,49,14.0,0
605,2.0,9,1,49,18.0,0
541,3.0,92,0,49,276.0,0
925,2.0,3,1,56,6.0,0
67,3.0,77,0,43,231.0,0
721,3.0,94,1,40,282.0,0
906,2.0,8,1,60,16.0,0
1092,2.0,18,0,37,36.0,0
420,3.0,48,1,36,144.0,0
691,0.0,8,1,54,0.0,0
716,2.0,41,0,28,82.0,0
792,3.0,26,0,37,78.0,0
588,3.0,43,0,41,129.0,0
843,2.0,19,1,50,38.0,0
531,2.0,55,0,40,110.0,0
503,3.0,59,1,50,177.0,0
324,2.0,29,0,28,58.0,0
749,3.0,47,0,37,141.0,0
640,2.0,11,1,57,22.0,0
732,3.0,89,0,43,267.0,0
61,2.0,27,0,36,54.0,0
489,3.0,60,0,53,180.0,0
793,2.0,30,0,41,60.0,0
26,3.0,43,0,50,129.0,0
589,2.0,34,0,50,68.0,0
396,3.0,56,0,40,168.0,0
251,0.0,2,1,60,0.0,0
1073,3.0,73,0,44,219.0,0
531,3.0,85,0,53,255.0,0
726,3.0,91,0,44,273.0,0
655,3.0,55,0,49,165.0,0
391,3.0,43,0,37,129.0,0
606,2.0,9,1,54,18.0,0
431,3.0,54,0,36,162.0,0
42,2.0,34,0,28,68.0,0
342,2.0,6,1,54,12.0,1
1081,0.0,3,1,60,0.0,0
137,3.0,48,0,28,144.0,0
584,3.0,44,0,40,132.0,0
983,2.0,11,1,49,22.0,0
1025,3.0,77,0,43,231.0,0
874,3.0,70,0,40,210.0,0
228,3.0,15,0,50,45.0,0
901,3.0,20,0,41,60.0,0
82,3.0,17,1,37,51.0,0
818,2.0,43,0,36,86.0,0
49,2.0,4,1,60,8.0,0
86,3.0,23,0,40,69.0,0
790,3.0,46,0,36,138.0,0
711,3.0,31,0,28,93.0,0
574,2.0,4,0,56,8.0,0
839,2.0,51,0,40,102.0,0
24,2.0,51,0,36,102.0,0
765,3.0,48,0,36,144.0,0
635,2.0,27,0,37,54.0,0
764,2.0,48,0,40,96.0,0
860,2.0,3,0,54,6.0,0
448,2.0,30,0,28,60.0,0
786,3.0,54,0,49,162.0,0
151,3.0,63,0,49,189.0,0
638,2.0,3,1,54,6.0,0
95,3.0,115,0,44,345.0,0
28,3.0,48,0,50,144.0,0
1025,2.0,24,0,41,48.0,0
1037,3.0,16,0,36,48.0,0
1000,3.0,58,0,28,174.0,0
194,2.0,6,1,56,12.0,0
763,2.0,28,1,40,56.0,0
256,2.0,51,1,28,102.0,0
837,2.0,4,1,54,8.0,1
53,3.0,25,0,37,75.0,0
561,3.0,85,0,49,255.0,0
55,0.0,10,1,56,0.0,0
124,0.0,4,1,57,0.0,0
93,2.0,43,1,28,86.0,0
90,2.0,52,0,40,104.0,0
218,2.0,5,1,56,10.0,0
416,3.0,76,1,40,228.0,0
582,2.0,22,0,41,44.0,0
494,3.0,113,0,49,339.0,0
345,2.0,43,0,40,86.0,0
676,2.0,3,1,56,6.0,0
273,2.0,6,1,57,12.0,0
241,3.0,82,0,53,246.0,0
941,0.0,4,1,54,0.0,0
287,2.0,36,0,41,72.0,0
247,2.0,14,1,49,28.0,0
112,3.0,61,0,49,183.0,0
187,3.0,80,0,53,240.0,0
453,3.0,19,0,40,57.0,0
571,3.0,33,0,50,99.0,0
22,3.0,56,0,50,168.0,0
474,2.0,22,0,41,44.0,0
589,0.0,6,1,56,0.0,0
865,2.0,33,0,50,66.0,0
29,3.0,98,0,53,294.0,0
661,2.0,1,1,60,2.0,0
1042,2.0,3,1,54,6.0,1
335,3.0,16,1,50,48.0,0
192,3.0,49,1,41,147.0,0
184,2.0,3,0,54,6.0,1
192,2.0,18,0,50,36.0,0
665,2.0,26,1,36,52.0,0
627,2.0,54,0,28,108.0,0
314,3.0,75,0,44,225.0,0
386,2.0,57,1,37,114.0,0
309,3.0,47,1,37,141.0,0
420,2.0,50,0,41,100.0,0
529,3.0,17,0,41,51.0,0
622,3.0,71,0,53,213.0,0
479,0.0,9,1,49,0.0,0
462,2.0,6,1,60,12.0,0
311,2.0,27,0,37,54.0,0
825,2.0,55,0,28,110.0,0
340,2.0,36,1,28,72.0,0
1011,3.0,50,0,36,150.0,0
692,0.0,10,1,56,0.0,0
419,3.0,49,0,37,147.0,0
364,2.0,6,1,54,12.0,1
260,3.0,25,0,41,75.0,0
821,0.0,4,1,49,0.0,0
836,3.0,15,0,28,45.0,0
37,0.0,1,1,57,0.0,0
686,3.0,48,0,37,144.0,0
163,3.0,31,0,40,93.0,0
913,3.0,24,1,41,72.0,0
517,3.0,49,0,53,147.0,0
171,2.0,30,0,28,60.0,0
269,3.0,59,1,41,177.0,0
711,2.0,3,0,57,6.0,0
240,2.0,27,0,50,54.0,0
65,0.0,8,0,49,0.0,0
628,3.0,36,0,40,108.0,0
530,3.0,18,0,28,54.0,0
558,3.0,36,0,37,108.0,0
1005,2.0,44,1,41,88.0,0
1089,2.0,56,0,28,112.0,0
331,3.0,16,0,37,48.0,0
269,3.0,56,0,36,168.0,0
826,3.0,54,0,41,162.0,0
1086,3.0,115,0,49,345.0,0
381,3.0,58,0,40,174.0,0
667,0.0,7,1,56,0.0,0
179,3.0,50,0,49,150.0,0
428,2.0,41,0,28,82.0,0
716,3.0,84,0,41,252.0,0
971,3.0,49,0,36,147.0,0
460,3.0,31,0,50,93.0,0
564,2.0,7,1,60,14.0,0
863,2.0,35,0,40,70.0,0
311,2.0,19,1,41,38.0,0
88,3.0,102,0,49,306.0,0
554,3.0,108,0,44,324.0,0
845,3.0,42,1,41,126.0,0
647,2.0,7,1,57,14.0,0
691,2.0,11,1,54,22.0,1
76,2.0,55,0,28,110.0,0
497,0.0,5,1,49,0.0,0
634,2.0,24,0,36,48.0,0
989,2.0,7,1,49,14.0,0
986,3.0,93,0,40,279.0,0
19,2.0,8,1,57,16.0,0
288,2.0,37,0,40,74.0,0
543,0.0,8,1,56,0.0,0
890,3.0,54,0,50,162.0,0
39,0.0,7,1,54,0.0,1
540,2.0,14,1,54,28.0,0
136,0.0,9,1,60,0.0,0
333,3.0,99,0,43,297.0,0
949,2.0,57,1,36,114.0,0
954,2.0,17,0,28,34.0,0
487,3.0,57,0,40,171.0,0
62,2.0,53,0,37,106.0,0
889,0.0,9,1,57,0.0,0
583,3.0,88,0,40,264.0,0
346,3.0,49,1,41,147.0,0
1019,3.0,57,0,41,171.0,0
573,2.0,11,0,54,22.0,0
281,2.0,41,1,37,82.0,0
891,3.0,64,0,44,192.0,0
279,0.0,10,1,49,0.0,0
88,3.0,50,0,37,150.0,0
241,2.0,5,1,56,10.0,0
185,3.0,108,0,43,324.0,0
457,2.0,14,0,57,28.0,0
511,3.0,73,0,49,219.0,0
944,3.0,105,0,41,315.0,0
989,3.0,73,0,43,219.0,0
824,3.0,105,0,44,315.0,0
770,2.0,57,0,41,114.0,0
602,2.0,45,0,37,90.0,0
557,3.0,75,0,41,225.0,0
533,2.0,14,1,49,28.0,0
1040,2.0,13,1,56,26.0,0
899,2.0,21,0,36,42.0,0
46,2.0,53,0,40,106.0,0
540,0.0,3,1,54,0.0,0
10,0.0,2,1,56,0.0,0
745,3.0,59,0,40,177.0,0
706,2.0,22,0,37,44.0,0
822,2.0,27,1,28,54.0,0
270,2.0,15,1,28,30.0,0
253,2.0,3,0,54,6.0,0
949,2.0,5,1,56,10.0,0
863,0.0,12,0,54,0.0,1
598,2.0,44,0,41,88.0,0
837,2.0,7,0,49,14.0,0
170,3.0,49,0,44,147.0,0
942,3.0,70,1,44,210.0,0
754,2.0,50,0,50,100.0,0
243,2.0,13,1,54,26.0,0
464,2.0,2,1,60,4.0,0
468,2.0,17,0,37,34.0,0
718,0.0,5,1,54,0.0,1
859,0.0,4,1,60,0.0,0
25,3.0,33,0,36,99.0,0
640,2.0,52,0,28,104.0,0
920,3.0,97,0,49,291.0,0
612,0.0,1,1,54,0.0,1
293,2.0,42,0,36,84.0,0
430,0.0,12,1,60,0.0,0
192,0.0,7,1,54,0.0,0
468,3.0,53,0,49,159.0,0
690,2.0,57,1,40,114.0,0
552,0.0,6,1,56,0.0,0
989,0.0,9,1,56,0.0,0
471,2.0,19,0,28,38.0,0
40,3.0,57,0,40,171.0,0
114,3.0,85,0,41,255.0,0
52,2.0,18,0,37,36.0,0
894,3.0,74,0,41,222.0,0
597,0.0,9,1,57,0.0,0
64,2.0,3,1,56,6.0,0
226,2.0,47,0,36,94.0,0
1068,2.0,17,0,40,34.0,0
426,2.0,26,1,28,52.0,0
629,3.0,35,0,37,105.0,0
1001,3.0,44,0,41,132.0,0
542,0.0,1,1,60,0.0,0
893,2.0,9,0,60,18.0,0
613,3.0,43,0,37,129.0,0
396,2.0,13,0,54,26.0,0
911,3.0,106,0,43,318.0,0
984,0.0,10,1,54,0.0,0
700,3.0,25,0,40,75.0,0
560,3.0,42,0,28,126.0,0
798,2.0,43,0,40,86.0,0
353,0.0,6,1,54,0.0,0
486,3.0,69,0,53,207.0,0
988,3.0,21,0,40,63.0,0
579,3.0,46,0,41,138.0,0
318,0.0,6,1,57,0.0,0
16,0.0,7,1,54,0.0,1
816,3.0,68,0,43,204.0,0
377,2.0,45,0,37,90.0,0
191,2.0,18,0,28,36.0,0
89,2.0,5,1,56,10.0,0
100,2.0,7,1,54,14.0,0
1086,3.0,23,0,28,69.0,0
423,3.0,36,1,36,108.0,0
866,3.0,20,0,50,60.0,0
150,2.0,37,1,50,74.0,0
934,3.0,97,0,40,291.0,0
485,0.0,12,1,54,0.0,0
975,2.0,1,1,49,2.0,0
800,3.0,48,1,40,144.0,0
828,2.0,16,0,40,32.0,0
727,2.0,2,0,60,4.0,0
187,2.0,31,1,40,62.0,0
257,2.0,9,1,57,18.0,0
705,2.0,2,1,49,4.0,0
69,2.0,10,1,56,20.0,0
151,0.0,14,0,60,0.0,0
340,2.0,28,0,37,56.0,0
942,0.0,2,1,54,0.0,0
409,3.0,66,0,53,198.0,0
242,0.0,2,1,60,0.0,0
1093,0.0,14,1,60,0.0,0
929,0.0,9,1,54,0.0,1
710,2.0,21,0,41,42.0,0
903,3.0,31,0,50,93.0,0
190,0.0,4,1,49,0.0,0
45,3.0,60,0,41,180.0,0
359,2.0,51,0,41,102.0,0
1073,3.0,22,0,37,66.0,0
147,3.0,47,1,41,141.0,0
146,3.0,83,0,41,249.0,0
501,3.0,113,0,43,339.0,0
421,2.0,42,0,41,84.0,0
226,0.0,13,1,60,0.0,0
500,2.0,52,1,28,104.0,0
466,2.0,19,0,41,38.0,0
616,2.0,37,0,41,74.0,0
106,2.0,42,0,28,84.0,0
282,2.0,20,0,36,40.0,0
892,2.0,2,1,60,4.0,0
53,3.0,33,0,40,99.0,0
1054,3.0,45,1,50,135.0,0
573,2.0,21,1,40,42.0,0
246,3.0,56,0,49,168.0,0
528,2.0,28,1,40,56.0,0
668,2.0,4,1,56,8.0,0
86,2.0,21,0,28,42.0,0
470,3.0,57,0,28,171.0,0
